{
    "7": [0.5441855775803147, -0.22469685577580317],
    "15": [1.5728937115516064, -0.2007734107997266],
    "5": [2.6357781954887223, 0.06580211893369782],
    "1": [3.045894395078606, 0.6604706083390292],
    "14": [3.76018010936432, 1.0945102529049893],
    "10": [3.503857484620643, 2.003601161995898],
    "18": [2.700713260423787, 2.2223298017771695],
    "4": [1.709599111414901, 2.451311346548188],
    "19": [1.2448007518796994, 1.76094907723855],
    "0": [0.2058397129186604, 1.1115984278879012],
    "8": [1.1217658920027343, 0.4554125085440874],
    "12": [2.017186261107314, 0.3426305536568693],
    "9": [2.2188267259056734, 0.8894521531100477],
    "16": [3.073235475051265, 1.4704501025290494],
    "3": [2.355532125768968, 1.685761107313738],
    "11": [2.037692071086808, 1.2653920027341076],
    "13": [1.60707006151743, 0.8245170881749827]
}